-- MySQL Script generated by MySQL Workbench
-- Sat Mar 23 12:51:55 2024
-- Model: New Model    Version: 1.0
-- MySQL Workbench Forward Engineering

SET @OLD_UNIQUE_CHECKS=@@UNIQUE_CHECKS, UNIQUE_CHECKS=0;
SET @OLD_FOREIGN_KEY_CHECKS=@@FOREIGN_KEY_CHECKS, FOREIGN_KEY_CHECKS=0;
SET @OLD_SQL_MODE=@@SQL_MODE, SQL_MODE='ONLY_FULL_GROUP_BY,STRICT_TRANS_TABLES,NO_ZERO_IN_DATE,NO_ZERO_DATE,ERROR_FOR_DIVISION_BY_ZERO,NO_ENGINE_SUBSTITUTION';

-- -----------------------------------------------------
-- Schema Up_1
-- -----------------------------------------------------

-- -----------------------------------------------------
-- Schema Up_1
-- -----------------------------------------------------
CREATE SCHEMA IF NOT EXISTS `Up_1` DEFAULT CHARACTER SET utf8 ;
USE `Up_1` ;

-- -----------------------------------------------------
-- Table `Up_1`.`Pathient`
-- -----------------------------------------------------
CREATE TABLE IF NOT EXISTS `Up_1`.`Pathient` (
  `id_path` INT UNSIGNED NOT NULL AUTO_INCREMENT,
  `name` VARCHAR(45) NOT NULL,
  `surname` VARCHAR(45) NOT NULL,
  `otchestvo` VARCHAR(45) NULL DEFAULT NULL,
  `telephone_path` VARCHAR(11) NOT NULL,
  `num_polis` INT NOT NULL,
  `prichina` VARCHAR(250) NOT NULL,
  PRIMARY KEY (`id_path`),
  UNIQUE INDEX `id_path_UNIQUE` (`id_path` ASC) VISIBLE)
ENGINE = InnoDB;


-- -----------------------------------------------------
-- Table `Up_1`.`Vrach`
-- -----------------------------------------------------
CREATE TABLE IF NOT EXISTS `Up_1`.`Vrach` (
  `id_spech` INT UNSIGNED NOT NULL AUTO_INCREMENT,
  `name` VARCHAR(45) NULL,
  `surname` VARCHAR(45) NULL,
  `doljnost` VARCHAR(45) NULL,
  `telephone` VARCHAR(11) NULL,
  PRIMARY KEY (`id_spech`),
  UNIQUE INDEX `id_spech_UNIQUE` (`id_spech` ASC) VISIBLE)
ENGINE = InnoDB;


-- -----------------------------------------------------
-- Table `Up_1`.`Talon`
-- -----------------------------------------------------
CREATE TABLE IF NOT EXISTS `Up_1`.`Talon` (
  `id_talon` INT UNSIGNED NOT NULL AUTO_INCREMENT,
  `id_path` INT UNSIGNED NOT NULL,
  `id_spech` INT UNSIGNED NOT NULL,
  `time` VARCHAR(20) NULL,
  PRIMARY KEY (`id_talon`, `id_path`, `id_spech`),
  UNIQUE INDEX `id_talon_UNIQUE` (`id_talon` ASC) VISIBLE,
  INDEX `fk_Talon_Pathient1_idx` (`id_path` ASC) VISIBLE,
  INDEX `fk_Talon_Vrach_idx` (`id_spech` ASC) VISIBLE,
  CONSTRAINT `fk_Talon_Vrach`
    FOREIGN KEY (`id_spech`)
    REFERENCES `Up_1`.`Vrach` (`id_spech`)
    ON DELETE NO ACTION
    ON UPDATE NO ACTION,
  CONSTRAINT `fk_Talon_Pathient1`
    FOREIGN KEY (`id_path`)
    REFERENCES `Up_1`.`Pathient` (`id_path`)
    ON DELETE NO ACTION
    ON UPDATE NO ACTION)
ENGINE = InnoDB;


-- -----------------------------------------------------
-- Table `Up_1`.`Admin`
-- -----------------------------------------------------
CREATE TABLE IF NOT EXISTS `Up_1`.`Admin` (
  `id_admin` INT UNSIGNED NOT NULL AUTO_INCREMENT,
  `name` VARCHAR(45) NULL,
  `surname` VARCHAR(45) NULL,
  `otselenie` VARCHAR(100) NULL,
  PRIMARY KEY (`id_admin`),
  UNIQUE INDEX `id_admin_UNIQUE` (`id_admin` ASC) VISIBLE)
ENGINE = InnoDB;


-- -----------------------------------------------------
-- Data for table `Up_1`.`Pathient`
-- -----------------------------------------------------
START TRANSACTION;
USE `Up_1`;
INSERT INTO `Up_1`.`Pathient` (`id_path`, `name`, `surname`, `otchestvo`, `telephone_path`, `num_polis`, `prichina`) VALUES (1, 'Софья', 'Анисимова', 'Павловна', '89018630889', 2786534357896535, 'Головная боль, тошнота, запор, повышенная температура');
INSERT INTO `Up_1`.`Pathient` (`id_path`, `name`, `surname`, `otchestvo`, `telephone_path`, `num_polis`, `prichina`) VALUES (2, 'Анна', 'Рогозина', 'Витальевна', '89053335743', 3487521806538693, 'Повышенное давление, головокружение, понос, ');
INSERT INTO `Up_1`.`Pathient` (`id_path`, `name`, `surname`, `otchestvo`, `telephone_path`, `num_polis`, `prichina`) VALUES (3, 'Александра', 'Николаева', 'Владимировна', '89533846838', 7937564937100367, 'Пониженное давление, головокружение, тошнота');
INSERT INTO `Up_1`.`Pathient` (`id_path`, `name`, `surname`, `otchestvo`, `telephone_path`, `num_polis`, `prichina`) VALUES (4, 'Снежанна', 'Куболева', 'Михайловна', '89018580855', 2659710337718562, 'Зубная боль, температура');
INSERT INTO `Up_1`.`Pathient` (`id_path`, `name`, `surname`, `otchestvo`, `telephone_path`, `num_polis`, `prichina`) VALUES (5, 'Вадим', 'Малыгин', 'Владимирович', '89041753272', 6782594013865000, 'Плановый осмотр по диабету');
INSERT INTO `Up_1`.`Pathient` (`id_path`, `name`, `surname`, `otchestvo`, `telephone_path`, `num_polis`, `prichina`) VALUES (6, 'Максим', 'Полков', 'Вячеславович', '89530504948', 5683108432295387, 'Резкое желание спать');
INSERT INTO `Up_1`.`Pathient` (`id_path`, `name`, `surname`, `otchestvo`, `telephone_path`, `num_polis`, `prichina`) VALUES (7, 'Владимир', 'Сопов', 'Васильевич', '89580432969', 3498006119955368, 'Мед. комиссия в военкомате');
INSERT INTO `Up_1`.`Pathient` (`id_path`, `name`, `surname`, `otchestvo`, `telephone_path`, `num_polis`, `prichina`) VALUES (8, 'Айгуль', 'Шамурзаева', 'Кудуредталиевна', '89456382311', 4669274026603379, 'Усталость, температура');
INSERT INTO `Up_1`.`Pathient` (`id_path`, `name`, `surname`, `otchestvo`, `telephone_path`, `num_polis`, `prichina`) VALUES (9, 'Виктория', 'Александрова', 'Эдуардовна', '89479117483', 6738192043756879, 'Ушиб левой пятки');

COMMIT;


-- -----------------------------------------------------
-- Data for table `Up_1`.`Vrach`
-- -----------------------------------------------------
START TRANSACTION;
USE `Up_1`;
INSERT INTO `Up_1`.`Vrach` (`id_spech`, `name`, `surname`, `doljnost`, `telephone`) VALUES (10, 'Кристина', 'Мартюшова', 'Терапевт', '89015436728');
INSERT INTO `Up_1`.`Vrach` (`id_spech`, `name`, `surname`, `doljnost`, `telephone`) VALUES (11, 'Семён', 'Сатаев', 'Окулист', '89352864728');
INSERT INTO `Up_1`.`Vrach` (`id_spech`, `name`, `surname`, `doljnost`, `telephone`) VALUES (12, 'Никита', 'Козлов', 'Эндокринолог', '89054672384');
INSERT INTO `Up_1`.`Vrach` (`id_spech`, `name`, `surname`, `doljnost`, `telephone`) VALUES (13, 'Дарья', 'Панова', 'Кардиолог', '89018580849');
INSERT INTO `Up_1`.`Vrach` (`id_spech`, `name`, `surname`, `doljnost`, `telephone`) VALUES (14, 'Александр', 'Шестаков', 'Военкомат', '87650867543');
INSERT INTO `Up_1`.`Vrach` (`id_spech`, `name`, `surname`, `doljnost`, `telephone`) VALUES (15, 'Иван', 'Шестаков', 'Психиатр', '89000446754');
INSERT INTO `Up_1`.`Vrach` (`id_spech`, `name`, `surname`, `doljnost`, `telephone`) VALUES (16, 'Дамир', 'Садредтинов', 'Хирург/травматолог', '89453678219');
INSERT INTO `Up_1`.`Vrach` (`id_spech`, `name`, `surname`, `doljnost`, `telephone`) VALUES (17, 'Илья', 'Сюзёв', 'Стоматолог', '87865438901');

COMMIT;


-- -----------------------------------------------------
-- Data for table `Up_1`.`Talon`
-- -----------------------------------------------------
START TRANSACTION;
USE `Up_1`;
INSERT INTO `Up_1`.`Talon` (`id_talon`, `id_path`, `id_spech`, `time`) VALUES (1111, 1, 10, '24.03.2024 6:59');
INSERT INTO `Up_1`.`Talon` (`id_talon`, `id_path`, `id_spech`, `time`) VALUES (2222, 2, 13, '25.03.2024 5:01');
INSERT INTO `Up_1`.`Talon` (`id_talon`, `id_path`, `id_spech`, `time`) VALUES (3333, 3, 13, '25.03.2024 13:00');
INSERT INTO `Up_1`.`Talon` (`id_talon`, `id_path`, `id_spech`, `time`) VALUES (1112, 4, 17, '28.03.2024 10:00');
INSERT INTO `Up_1`.`Talon` (`id_talon`, `id_path`, `id_spech`, `time`) VALUES (1113, 5, 12, '29.03.2024 11:00');
INSERT INTO `Up_1`.`Talon` (`id_talon`, `id_path`, `id_spech`, `time`) VALUES (2223, 6, 11, '23.03.2024 12:00');
INSERT INTO `Up_1`.`Talon` (`id_talon`, `id_path`, `id_spech`, `time`) VALUES (2224, 7, 14, '30.03.2024 7:00');
INSERT INTO `Up_1`.`Talon` (`id_talon`, `id_path`, `id_spech`, `time`) VALUES (3334, 8, 15, '26.03.2024 13:30');
INSERT INTO `Up_1`.`Talon` (`id_talon`, `id_path`, `id_spech`, `time`) VALUES (3335, 9, 16, '28.03.2024 12:00');

COMMIT;


-- -----------------------------------------------------
-- Data for table `Up_1`.`Admin`
-- -----------------------------------------------------
START TRANSACTION;
USE `Up_1`;
INSERT INTO `Up_1`.`Admin` (`id_admin`, `name`, `surname`, `otselenie`) VALUES (123, 'Даниил', 'Яценко', 'Терапевтия');
INSERT INTO `Up_1`.`Admin` (`id_admin`, `name`, `surname`, `otselenie`) VALUES (234, 'Евангелина', 'Никитина', 'Кардиология');
INSERT INTO `Up_1`.`Admin` (`id_admin`, `name`, `surname`, `otselenie`) VALUES (345, 'Илья', 'Никитин', 'Общее отделение');

COMMIT;


SET SQL_MODE=@OLD_SQL_MODE;
SET FOREIGN_KEY_CHECKS=@OLD_FOREIGN_KEY_CHECKS;
SET UNIQUE_CHECKS=@OLD_UNIQUE_CHECKS;
